<?xml version="1.0"?>
<link_info>
   <banner>TMS320C55x Linker PC v4.4.1</banner>
   <copyright>Copyright (c) 1996-2012 Texas Instruments Incorporated</copyright>
   <link_time>0x646ab35c</link_time>
   <output_file>dlms.out</output_file>
   <entry_point>
      <name>_c_int00</name>
      <address>0x2348</address>
   </entry_point>
   <input_file_list>
      <input_file id="fl-2">
         <path>.\</path>
         <kind>object</kind>
         <file>mpy_ll_int.obj</file>
         <name>mpy_ll_int.obj</name>
      </input_file>
      <input_file id="fl-3">
         <path>.\</path>
         <kind>object</kind>
         <file>main.obj</file>
         <name>main.obj</name>
      </input_file>
      <input_file id="fl-4">
         <path>.\</path>
         <kind>object</kind>
         <file>dlms.obj</file>
         <name>dlms.obj</name>
      </input_file>
      <input_file id="fl-1b">
         <path>C:\Program Files\TI\ccsv5\tools\compiler\c5500_4.4.1\lib\</path>
         <kind>archive</kind>
         <file>rts55x.lib</file>
         <name>boot.obj</name>
      </input_file>
      <input_file id="fl-1c">
         <path>C:\Program Files\TI\ccsv5\tools\compiler\c5500_4.4.1\lib\</path>
         <kind>archive</kind>
         <file>rts55x.lib</file>
         <name>exit.obj</name>
      </input_file>
      <input_file id="fl-1d">
         <path>C:\Program Files\TI\ccsv5\tools\compiler\c5500_4.4.1\lib\</path>
         <kind>archive</kind>
         <file>rts55x.lib</file>
         <name>vectors.obj</name>
      </input_file>
      <input_file id="fl-1e">
         <path>C:\Program Files\TI\ccsv5\tools\compiler\c5500_4.4.1\lib\</path>
         <kind>archive</kind>
         <file>rts55x.lib</file>
         <name>_lock.obj</name>
      </input_file>
      <input_file id="fl-1f">
         <path>C:\Program Files\TI\ccsv5\tools\compiler\c5500_4.4.1\lib\</path>
         <kind>archive</kind>
         <file>rts55x.lib</file>
         <name>args_main.obj</name>
      </input_file>
      <input_file id="fl-20">
         <path>C:\Program Files\TI\ccsv5\tools\compiler\c5500_4.4.1\lib\</path>
         <kind>archive</kind>
         <file>rts55x.lib</file>
         <name>autoinit.obj</name>
      </input_file>
   </input_file_list>
   <object_component_list>
      <object_component id="oc-27">
         <name>vectors</name>
         <load_address>0xffff00</load_address>
         <run_address>0xffff00</run_address>
         <size>0x100</size>
         <input_file_ref idref="fl-1d"/>
      </object_component>
      <object_component id="oc-14">
         <name>.cinit</name>
         <load_address>0xc0</load_address>
         <run_address>0xc0</run_address>
         <size>0x1d8</size>
         <input_file_ref idref="fl-3"/>
      </object_component>
      <object_component id="oc-2e">
         <name>.cinit</name>
         <load_address>0x298</load_address>
         <run_address>0x298</run_address>
         <size>0x14</size>
         <input_file_ref idref="fl-1e"/>
      </object_component>
      <object_component id="oc-22">
         <name>.cinit</name>
         <load_address>0x2ac</load_address>
         <run_address>0x2ac</run_address>
         <size>0x14</size>
         <input_file_ref idref="fl-1c"/>
      </object_component>
      <object_component id="oc-11">
         <name>.text</name>
         <load_address>0x2000</load_address>
         <run_address>0x2000</run_address>
         <size>0x206</size>
         <input_file_ref idref="fl-3"/>
      </object_component>
      <object_component id="oc-17">
         <name>.text</name>
         <load_address>0x2206</load_address>
         <run_address>0x2206</run_address>
         <size>0x6c</size>
         <input_file_ref idref="fl-4"/>
      </object_component>
      <object_component id="oc-35">
         <name>.text</name>
         <load_address>0x2272</load_address>
         <run_address>0x2272</run_address>
         <size>0x4d</size>
         <input_file_ref idref="fl-20"/>
      </object_component>
      <object_component id="oc-31">
         <name>.text</name>
         <load_address>0x22bf</load_address>
         <run_address>0x22bf</run_address>
         <size>0x4b</size>
         <input_file_ref idref="fl-1f"/>
      </object_component>
      <object_component id="oc-1f">
         <name>.text</name>
         <load_address>0x230a</load_address>
         <run_address>0x230a</run_address>
         <size>0x3e</size>
         <input_file_ref idref="fl-1c"/>
      </object_component>
      <object_component id="oc-c">
         <name>.text</name>
         <load_address>0x2348</load_address>
         <run_address>0x2348</run_address>
         <size>0x34</size>
         <input_file_ref idref="fl-1b"/>
      </object_component>
      <object_component id="oc-2b">
         <name>.text</name>
         <load_address>0x237c</load_address>
         <run_address>0x237c</run_address>
         <size>0x12</size>
         <input_file_ref idref="fl-1e"/>
      </object_component>
      <object_component id="oc-d">
         <name>.text</name>
         <load_address>0x238e</load_address>
         <run_address>0x238e</run_address>
         <size>0xb</size>
         <input_file_ref idref="fl-2"/>
      </object_component>
      <object_component id="oc-23">
         <name>.text:CIO_breakpoint</name>
         <load_address>0x2399</load_address>
         <run_address>0x2399</run_address>
         <size>0x7</size>
         <input_file_ref idref="fl-1c"/>
      </object_component>
      <object_component id="oc-26">
         <name>.text</name>
         <load_address>0x23a0</load_address>
         <run_address>0x23a0</run_address>
         <size>0x2</size>
         <input_file_ref idref="fl-1d"/>
      </object_component>
      <object_component id="oc-1b">
         <name>.stack</name>
         <uninitialized>true</uninitialized>
         <run_address>0x2c4</run_address>
         <size>0x0</size>
         <input_file_ref idref="fl-1b"/>
      </object_component>
      <object_component id="oc-4b">
         <name>.stack</name>
         <uninitialized>true</uninitialized>
         <run_address>0x2c4</run_address>
         <size>0x0</size>
      </object_component>
      <object_component id="oc-39">
         <name>.sysstack</name>
         <uninitialized>true</uninitialized>
         <run_address>0x4c4</run_address>
         <size>0x0</size>
         <input_file_ref idref="fl-1b"/>
      </object_component>
      <object_component id="oc-4c">
         <name>.sysstack</name>
         <uninitialized>true</uninitialized>
         <run_address>0x4c4</run_address>
         <size>0x0</size>
      </object_component>
      <object_component id="oc-12">
         <name>.bss</name>
         <uninitialized>true</uninitialized>
         <run_address>0xa000</run_address>
         <size>0x448</size>
         <input_file_ref idref="fl-3"/>
      </object_component>
      <object_component id="oc-20">
         <name>.bss</name>
         <uninitialized>true</uninitialized>
         <run_address>0xa450</run_address>
         <size>0x8</size>
         <input_file_ref idref="fl-1c"/>
      </object_component>
      <object_component id="oc-2c">
         <name>.bss</name>
         <uninitialized>true</uninitialized>
         <run_address>0xa448</run_address>
         <size>0x8</size>
         <input_file_ref idref="fl-1e"/>
      </object_component>
      <object_component id="oc-e">
         <name>.debug_info</name>
         <load_address>0x0</load_address>
         <run_address>0x0</run_address>
         <size>0xd4</size>
         <input_file_ref idref="fl-2"/>
      </object_component>
      <object_component id="oc-13">
         <name>.debug_info</name>
         <load_address>0xd4</load_address>
         <run_address>0xd4</run_address>
         <size>0xb9b</size>
         <input_file_ref idref="fl-3"/>
      </object_component>
      <object_component id="oc-18">
         <name>.debug_info</name>
         <load_address>0xc6f</load_address>
         <run_address>0xc6f</run_address>
         <size>0xca</size>
         <input_file_ref idref="fl-4"/>
      </object_component>
      <object_component id="oc-1c">
         <name>.debug_info</name>
         <load_address>0xd39</load_address>
         <run_address>0xd39</run_address>
         <size>0xe8</size>
         <input_file_ref idref="fl-1b"/>
      </object_component>
      <object_component id="oc-21">
         <name>.debug_info</name>
         <load_address>0xe21</load_address>
         <run_address>0xe21</run_address>
         <size>0x5fb</size>
         <input_file_ref idref="fl-1c"/>
      </object_component>
      <object_component id="oc-28">
         <name>.debug_info</name>
         <load_address>0x141c</load_address>
         <run_address>0x141c</run_address>
         <size>0xbc</size>
         <input_file_ref idref="fl-1d"/>
      </object_component>
      <object_component id="oc-2d">
         <name>.debug_info</name>
         <load_address>0x14d8</load_address>
         <run_address>0x14d8</run_address>
         <size>0x5bc</size>
         <input_file_ref idref="fl-1e"/>
      </object_component>
      <object_component id="oc-32">
         <name>.debug_info</name>
         <load_address>0x1a94</load_address>
         <run_address>0x1a94</run_address>
         <size>0x586</size>
         <input_file_ref idref="fl-1f"/>
      </object_component>
      <object_component id="oc-36">
         <name>.debug_info</name>
         <load_address>0x201a</load_address>
         <run_address>0x201a</run_address>
         <size>0xcd</size>
         <input_file_ref idref="fl-20"/>
      </object_component>
      <object_component id="oc-4e">
         <name>.debug_info</name>
         <load_address>0x20e7</load_address>
         <run_address>0x20e7</run_address>
         <size>0x6e</size>
      </object_component>
      <object_component id="oc-f">
         <name>.debug_line</name>
         <load_address>0x0</load_address>
         <run_address>0x0</run_address>
         <size>0x41</size>
         <input_file_ref idref="fl-2"/>
      </object_component>
      <object_component id="oc-15">
         <name>.debug_line</name>
         <load_address>0x41</load_address>
         <run_address>0x41</run_address>
         <size>0x81</size>
         <input_file_ref idref="fl-3"/>
      </object_component>
      <object_component id="oc-19">
         <name>.debug_line</name>
         <load_address>0xc2</load_address>
         <run_address>0xc2</run_address>
         <size>0x59</size>
         <input_file_ref idref="fl-4"/>
      </object_component>
      <object_component id="oc-1d">
         <name>.debug_line</name>
         <load_address>0x11b</load_address>
         <run_address>0x11b</run_address>
         <size>0x54</size>
         <input_file_ref idref="fl-1b"/>
      </object_component>
      <object_component id="oc-24">
         <name>.debug_line</name>
         <load_address>0x16f</load_address>
         <run_address>0x16f</run_address>
         <size>0x51</size>
         <input_file_ref idref="fl-1c"/>
      </object_component>
      <object_component id="oc-29">
         <name>.debug_line</name>
         <load_address>0x1c0</load_address>
         <run_address>0x1c0</run_address>
         <size>0x37</size>
         <input_file_ref idref="fl-1d"/>
      </object_component>
      <object_component id="oc-2f">
         <name>.debug_line</name>
         <load_address>0x1f7</load_address>
         <run_address>0x1f7</run_address>
         <size>0x57</size>
         <input_file_ref idref="fl-1e"/>
      </object_component>
      <object_component id="oc-33">
         <name>.debug_line</name>
         <load_address>0x24e</load_address>
         <run_address>0x24e</run_address>
         <size>0x41</size>
         <input_file_ref idref="fl-1f"/>
      </object_component>
      <object_component id="oc-37">
         <name>.debug_line</name>
         <load_address>0x28f</load_address>
         <run_address>0x28f</run_address>
         <size>0x55</size>
         <input_file_ref idref="fl-20"/>
      </object_component>
      <object_component id="oc-10">
         <name>.debug_abbrev</name>
         <load_address>0x0</load_address>
         <run_address>0x0</run_address>
         <size>0x2f</size>
         <input_file_ref idref="fl-2"/>
      </object_component>
      <object_component id="oc-16">
         <name>.debug_abbrev</name>
         <load_address>0x2f</load_address>
         <run_address>0x2f</run_address>
         <size>0x13e</size>
         <input_file_ref idref="fl-3"/>
      </object_component>
      <object_component id="oc-1a">
         <name>.debug_abbrev</name>
         <load_address>0x16d</load_address>
         <run_address>0x16d</run_address>
         <size>0x2f</size>
         <input_file_ref idref="fl-4"/>
      </object_component>
      <object_component id="oc-1e">
         <name>.debug_abbrev</name>
         <load_address>0x19c</load_address>
         <run_address>0x19c</run_address>
         <size>0x3a</size>
         <input_file_ref idref="fl-1b"/>
      </object_component>
      <object_component id="oc-25">
         <name>.debug_abbrev</name>
         <load_address>0x1d6</load_address>
         <run_address>0x1d6</run_address>
         <size>0xf7</size>
         <input_file_ref idref="fl-1c"/>
      </object_component>
      <object_component id="oc-2a">
         <name>.debug_abbrev</name>
         <load_address>0x2cd</load_address>
         <run_address>0x2cd</run_address>
         <size>0x26</size>
         <input_file_ref idref="fl-1d"/>
      </object_component>
      <object_component id="oc-30">
         <name>.debug_abbrev</name>
         <load_address>0x2f3</load_address>
         <run_address>0x2f3</run_address>
         <size>0x9f</size>
         <input_file_ref idref="fl-1e"/>
      </object_component>
      <object_component id="oc-34">
         <name>.debug_abbrev</name>
         <load_address>0x392</load_address>
         <run_address>0x392</run_address>
         <size>0xec</size>
         <input_file_ref idref="fl-1f"/>
      </object_component>
      <object_component id="oc-38">
         <name>.debug_abbrev</name>
         <load_address>0x47e</load_address>
         <run_address>0x47e</run_address>
         <size>0x44</size>
         <input_file_ref idref="fl-20"/>
      </object_component>
      <object_component id="oc-4f">
         <name>.debug_abbrev</name>
         <load_address>0x4c2</load_address>
         <run_address>0x4c2</run_address>
         <size>0xd</size>
      </object_component>
   </object_component_list>
   <logical_group_list>
      <logical_group id="lg-2">
         <name>vectors</name>
         <load_address>0xffff00</load_address>
         <run_address>0xffff00</run_address>
         <size>0x100</size>
         <contents>
            <object_component_ref idref="oc-27"/>
         </contents>
      </logical_group>
      <logical_group id="lg-3">
         <name>.cinit</name>
         <load_address>0xc0</load_address>
         <run_address>0xc0</run_address>
         <size>0x202</size>
         <contents>
            <object_component_ref idref="oc-14"/>
            <object_component_ref idref="oc-2e"/>
            <object_component_ref idref="oc-22"/>
         </contents>
      </logical_group>
      <logical_group id="lg-4">
         <name>.text</name>
         <load_address>0x2000</load_address>
         <run_address>0x2000</run_address>
         <size>0x3a3</size>
         <contents>
            <object_component_ref idref="oc-11"/>
            <object_component_ref idref="oc-17"/>
            <object_component_ref idref="oc-35"/>
            <object_component_ref idref="oc-31"/>
            <object_component_ref idref="oc-1f"/>
            <object_component_ref idref="oc-c"/>
            <object_component_ref idref="oc-2b"/>
            <object_component_ref idref="oc-d"/>
            <object_component_ref idref="oc-23"/>
            <object_component_ref idref="oc-26"/>
         </contents>
      </logical_group>
      <logical_group id="lg-5">
         <name>.stack</name>
         <run_address>0x2c4</run_address>
         <size>0x200</size>
         <contents>
            <object_component_ref idref="oc-1b"/>
            <object_component_ref idref="oc-4b"/>
         </contents>
      </logical_group>
      <logical_group id="lg-6">
         <name>.sysstack</name>
         <run_address>0x4c4</run_address>
         <size>0x200</size>
         <contents>
            <object_component_ref idref="oc-39"/>
            <object_component_ref idref="oc-4c"/>
         </contents>
      </logical_group>
      <logical_group id="lg-7">
         <name>.sysmem</name>
         <run_address>0x0</run_address>
         <size>0x0</size>
         <contents>
         </contents>
      </logical_group>
      <logical_group id="lg-8">
         <name>.data</name>
         <run_address>0x8000</run_address>
         <size>0x0</size>
         <contents>
         </contents>
      </logical_group>
      <logical_group id="lg-9">
         <name>.cio</name>
         <run_address>0x0</run_address>
         <size>0x0</size>
         <contents>
         </contents>
      </logical_group>
      <logical_group id="lg-a">
         <name>.bss</name>
         <run_address>0xa000</run_address>
         <size>0x458</size>
         <contents>
            <object_component_ref idref="oc-12"/>
            <object_component_ref idref="oc-20"/>
            <object_component_ref idref="oc-2c"/>
         </contents>
      </logical_group>
      <logical_group id="lg-b">
         <name>.const</name>
         <run_address>0x0</run_address>
         <size>0x0</size>
         <contents>
         </contents>
      </logical_group>
      <logical_group id="lg-44">
         <name>.debug_info</name>
         <load_address>0x0</load_address>
         <run_address>0x0</run_address>
         <size>0x2155</size>
         <contents>
            <object_component_ref idref="oc-e"/>
            <object_component_ref idref="oc-13"/>
            <object_component_ref idref="oc-18"/>
            <object_component_ref idref="oc-1c"/>
            <object_component_ref idref="oc-21"/>
            <object_component_ref idref="oc-28"/>
            <object_component_ref idref="oc-2d"/>
            <object_component_ref idref="oc-32"/>
            <object_component_ref idref="oc-36"/>
            <object_component_ref idref="oc-4e"/>
         </contents>
      </logical_group>
      <logical_group id="lg-46">
         <name>.debug_line</name>
         <load_address>0x0</load_address>
         <run_address>0x0</run_address>
         <size>0x2e4</size>
         <contents>
            <object_component_ref idref="oc-f"/>
            <object_component_ref idref="oc-15"/>
            <object_component_ref idref="oc-19"/>
            <object_component_ref idref="oc-1d"/>
            <object_component_ref idref="oc-24"/>
            <object_component_ref idref="oc-29"/>
            <object_component_ref idref="oc-2f"/>
            <object_component_ref idref="oc-33"/>
            <object_component_ref idref="oc-37"/>
         </contents>
      </logical_group>
      <logical_group id="lg-48">
         <name>.debug_abbrev</name>
         <load_address>0x0</load_address>
         <run_address>0x0</run_address>
         <size>0x4cf</size>
         <contents>
            <object_component_ref idref="oc-10"/>
            <object_component_ref idref="oc-16"/>
            <object_component_ref idref="oc-1a"/>
            <object_component_ref idref="oc-1e"/>
            <object_component_ref idref="oc-25"/>
            <object_component_ref idref="oc-2a"/>
            <object_component_ref idref="oc-30"/>
            <object_component_ref idref="oc-34"/>
            <object_component_ref idref="oc-38"/>
            <object_component_ref idref="oc-4f"/>
         </contents>
      </logical_group>
   </logical_group_list>
   <placement_map>
      <memory_area>
         <name>MMR</name>
         <page_id>0x0</page_id>
         <origin>0x0</origin>
         <length>0xc0</length>
         <used_space>0x0</used_space>
         <unused_space>0xc0</unused_space>
         <attributes>RWIX</attributes>
         <usage_details>
         </usage_details>
      </memory_area>
      <memory_area>
         <name>DARAM0</name>
         <page_id>0x0</page_id>
         <origin>0xc0</origin>
         <length>0x1f40</length>
         <used_space>0x602</used_space>
         <unused_space>0x193e</unused_space>
         <attributes>RWIX</attributes>
         <usage_details>
            <allocated_space>
               <start_address>0xc0</start_address>
               <size>0x202</size>
               <logical_group_ref idref="lg-3"/>
            </allocated_space>
            <available_space>
               <start_address>0x2c2</start_address>
               <size>0x2</size>
            </available_space>
            <allocated_space>
               <start_address>0x2c4</start_address>
               <size>0x200</size>
               <logical_group_ref idref="lg-5"/>
            </allocated_space>
            <allocated_space>
               <start_address>0x4c4</start_address>
               <size>0x200</size>
               <logical_group_ref idref="lg-6"/>
            </allocated_space>
            <available_space>
               <start_address>0x6c4</start_address>
               <size>0x193c</size>
            </available_space>
         </usage_details>
      </memory_area>
      <memory_area>
         <name>DARAM1</name>
         <page_id>0x0</page_id>
         <origin>0x2000</origin>
         <length>0x2000</length>
         <used_space>0x3a3</used_space>
         <unused_space>0x1c5d</unused_space>
         <attributes>RWIX</attributes>
         <usage_details>
            <allocated_space>
               <start_address>0x2000</start_address>
               <size>0x3a3</size>
               <logical_group_ref idref="lg-4"/>
            </allocated_space>
            <available_space>
               <start_address>0x23a3</start_address>
               <size>0x1c5d</size>
            </available_space>
         </usage_details>
      </memory_area>
      <memory_area>
         <name>DARAM2</name>
         <page_id>0x0</page_id>
         <origin>0x4000</origin>
         <length>0x2000</length>
         <used_space>0x0</used_space>
         <unused_space>0x2000</unused_space>
         <attributes>RWIX</attributes>
         <usage_details>
         </usage_details>
      </memory_area>
      <memory_area>
         <name>DARAM3</name>
         <page_id>0x0</page_id>
         <origin>0x6000</origin>
         <length>0x2000</length>
         <used_space>0x0</used_space>
         <unused_space>0x2000</unused_space>
         <attributes>RWIX</attributes>
         <usage_details>
         </usage_details>
      </memory_area>
      <memory_area>
         <name>DARAM4</name>
         <page_id>0x0</page_id>
         <origin>0x8000</origin>
         <length>0x2000</length>
         <used_space>0x0</used_space>
         <unused_space>0x2000</unused_space>
         <attributes>RWIX</attributes>
         <usage_details>
            <allocated_space>
               <start_address>0x8000</start_address>
               <size>0x0</size>
               <logical_group_ref idref="lg-8"/>
            </allocated_space>
            <available_space>
               <start_address>0x8000</start_address>
               <size>0x2000</size>
            </available_space>
         </usage_details>
      </memory_area>
      <memory_area>
         <name>DARAM5</name>
         <page_id>0x0</page_id>
         <origin>0xa000</origin>
         <length>0x2000</length>
         <used_space>0x458</used_space>
         <unused_space>0x1ba8</unused_space>
         <attributes>RWIX</attributes>
         <usage_details>
            <allocated_space>
               <start_address>0xa000</start_address>
               <size>0x458</size>
               <logical_group_ref idref="lg-a"/>
            </allocated_space>
            <available_space>
               <start_address>0xa458</start_address>
               <size>0x1ba8</size>
            </available_space>
         </usage_details>
      </memory_area>
      <memory_area>
         <name>DARAM6</name>
         <page_id>0x0</page_id>
         <origin>0xc000</origin>
         <length>0x2000</length>
         <used_space>0x0</used_space>
         <unused_space>0x2000</unused_space>
         <attributes>RWIX</attributes>
         <usage_details>
         </usage_details>
      </memory_area>
      <memory_area>
         <name>DARAM7</name>
         <page_id>0x0</page_id>
         <origin>0xe000</origin>
         <length>0x2000</length>
         <used_space>0x0</used_space>
         <unused_space>0x2000</unused_space>
         <attributes>RWIX</attributes>
         <usage_details>
         </usage_details>
      </memory_area>
      <memory_area>
         <name>SARAM0</name>
         <page_id>0x0</page_id>
         <origin>0x10000</origin>
         <length>0x2000</length>
         <used_space>0x0</used_space>
         <unused_space>0x2000</unused_space>
         <attributes>RWIX</attributes>
         <usage_details>
         </usage_details>
      </memory_area>
      <memory_area>
         <name>SARAM1</name>
         <page_id>0x0</page_id>
         <origin>0x12000</origin>
         <length>0x2000</length>
         <used_space>0x0</used_space>
         <unused_space>0x2000</unused_space>
         <attributes>RWIX</attributes>
         <usage_details>
         </usage_details>
      </memory_area>
      <memory_area>
         <name>SARAM2</name>
         <page_id>0x0</page_id>
         <origin>0x14000</origin>
         <length>0x2000</length>
         <used_space>0x0</used_space>
         <unused_space>0x2000</unused_space>
         <attributes>RWIX</attributes>
         <usage_details>
         </usage_details>
      </memory_area>
      <memory_area>
         <name>SARAM3</name>
         <page_id>0x0</page_id>
         <origin>0x16000</origin>
         <length>0x2000</length>
         <used_space>0x0</used_space>
         <unused_space>0x2000</unused_space>
         <attributes>RWIX</attributes>
         <usage_details>
         </usage_details>
      </memory_area>
      <memory_area>
         <name>SARAM4</name>
         <page_id>0x0</page_id>
         <origin>0x18000</origin>
         <length>0x2000</length>
         <used_space>0x0</used_space>
         <unused_space>0x2000</unused_space>
         <attributes>RWIX</attributes>
         <usage_details>
         </usage_details>
      </memory_area>
      <memory_area>
         <name>SARAM5</name>
         <page_id>0x0</page_id>
         <origin>0x1a000</origin>
         <length>0x2000</length>
         <used_space>0x0</used_space>
         <unused_space>0x2000</unused_space>
         <attributes>RWIX</attributes>
         <usage_details>
         </usage_details>
      </memory_area>
      <memory_area>
         <name>SARAM6</name>
         <page_id>0x0</page_id>
         <origin>0x1c000</origin>
         <length>0x2000</length>
         <used_space>0x0</used_space>
         <unused_space>0x2000</unused_space>
         <attributes>RWIX</attributes>
         <usage_details>
         </usage_details>
      </memory_area>
      <memory_area>
         <name>SARAM7</name>
         <page_id>0x0</page_id>
         <origin>0x1e000</origin>
         <length>0x2000</length>
         <used_space>0x0</used_space>
         <unused_space>0x2000</unused_space>
         <attributes>RWIX</attributes>
         <usage_details>
         </usage_details>
      </memory_area>
      <memory_area>
         <name>SARAM8</name>
         <page_id>0x0</page_id>
         <origin>0x20000</origin>
         <length>0x2000</length>
         <used_space>0x0</used_space>
         <unused_space>0x2000</unused_space>
         <attributes>RWIX</attributes>
         <usage_details>
         </usage_details>
      </memory_area>
      <memory_area>
         <name>SARAM9</name>
         <page_id>0x0</page_id>
         <origin>0x22000</origin>
         <length>0x2000</length>
         <used_space>0x0</used_space>
         <unused_space>0x2000</unused_space>
         <attributes>RWIX</attributes>
         <usage_details>
         </usage_details>
      </memory_area>
      <memory_area>
         <name>SARAM10</name>
         <page_id>0x0</page_id>
         <origin>0x24000</origin>
         <length>0x2000</length>
         <used_space>0x0</used_space>
         <unused_space>0x2000</unused_space>
         <attributes>RWIX</attributes>
         <usage_details>
         </usage_details>
      </memory_area>
      <memory_area>
         <name>SARAM11</name>
         <page_id>0x0</page_id>
         <origin>0x26000</origin>
         <length>0x2000</length>
         <used_space>0x0</used_space>
         <unused_space>0x2000</unused_space>
         <attributes>RWIX</attributes>
         <usage_details>
         </usage_details>
      </memory_area>
      <memory_area>
         <name>SARAM12</name>
         <page_id>0x0</page_id>
         <origin>0x28000</origin>
         <length>0x2000</length>
         <used_space>0x0</used_space>
         <unused_space>0x2000</unused_space>
         <attributes>RWIX</attributes>
         <usage_details>
         </usage_details>
      </memory_area>
      <memory_area>
         <name>SARAM13</name>
         <page_id>0x0</page_id>
         <origin>0x2a000</origin>
         <length>0x2000</length>
         <used_space>0x0</used_space>
         <unused_space>0x2000</unused_space>
         <attributes>RWIX</attributes>
         <usage_details>
         </usage_details>
      </memory_area>
      <memory_area>
         <name>SARAM14</name>
         <page_id>0x0</page_id>
         <origin>0x2c000</origin>
         <length>0x2000</length>
         <used_space>0x0</used_space>
         <unused_space>0x2000</unused_space>
         <attributes>RWIX</attributes>
         <usage_details>
         </usage_details>
      </memory_area>
      <memory_area>
         <name>SARAM15</name>
         <page_id>0x0</page_id>
         <origin>0x2e000</origin>
         <length>0x2000</length>
         <used_space>0x0</used_space>
         <unused_space>0x2000</unused_space>
         <attributes>RWIX</attributes>
         <usage_details>
         </usage_details>
      </memory_area>
      <memory_area>
         <name>SARAM16</name>
         <page_id>0x0</page_id>
         <origin>0x30000</origin>
         <length>0x2000</length>
         <used_space>0x0</used_space>
         <unused_space>0x2000</unused_space>
         <attributes>RWIX</attributes>
         <usage_details>
         </usage_details>
      </memory_area>
      <memory_area>
         <name>SARAM17</name>
         <page_id>0x0</page_id>
         <origin>0x32000</origin>
         <length>0x2000</length>
         <used_space>0x0</used_space>
         <unused_space>0x2000</unused_space>
         <attributes>RWIX</attributes>
         <usage_details>
         </usage_details>
      </memory_area>
      <memory_area>
         <name>SARAM18</name>
         <page_id>0x0</page_id>
         <origin>0x34000</origin>
         <length>0x2000</length>
         <used_space>0x0</used_space>
         <unused_space>0x2000</unused_space>
         <attributes>RWIX</attributes>
         <usage_details>
         </usage_details>
      </memory_area>
      <memory_area>
         <name>SARAM19</name>
         <page_id>0x0</page_id>
         <origin>0x36000</origin>
         <length>0x2000</length>
         <used_space>0x0</used_space>
         <unused_space>0x2000</unused_space>
         <attributes>RWIX</attributes>
         <usage_details>
         </usage_details>
      </memory_area>
      <memory_area>
         <name>SARAM20</name>
         <page_id>0x0</page_id>
         <origin>0x38000</origin>
         <length>0x2000</length>
         <used_space>0x0</used_space>
         <unused_space>0x2000</unused_space>
         <attributes>RWIX</attributes>
         <usage_details>
         </usage_details>
      </memory_area>
      <memory_area>
         <name>SARAM21</name>
         <page_id>0x0</page_id>
         <origin>0x3a000</origin>
         <length>0x2000</length>
         <used_space>0x0</used_space>
         <unused_space>0x2000</unused_space>
         <attributes>RWIX</attributes>
         <usage_details>
         </usage_details>
      </memory_area>
      <memory_area>
         <name>SARAM22</name>
         <page_id>0x0</page_id>
         <origin>0x3c000</origin>
         <length>0x2000</length>
         <used_space>0x0</used_space>
         <unused_space>0x2000</unused_space>
         <attributes>RWIX</attributes>
         <usage_details>
         </usage_details>
      </memory_area>
      <memory_area>
         <name>SARAM23</name>
         <page_id>0x0</page_id>
         <origin>0x3e000</origin>
         <length>0x2000</length>
         <used_space>0x0</used_space>
         <unused_space>0x2000</unused_space>
         <attributes>RWIX</attributes>
         <usage_details>
         </usage_details>
      </memory_area>
      <memory_area>
         <name>SARAM24</name>
         <page_id>0x0</page_id>
         <origin>0x40000</origin>
         <length>0x2000</length>
         <used_space>0x0</used_space>
         <unused_space>0x2000</unused_space>
         <attributes>RWIX</attributes>
         <usage_details>
         </usage_details>
      </memory_area>
      <memory_area>
         <name>SARAM25</name>
         <page_id>0x0</page_id>
         <origin>0x42000</origin>
         <length>0x2000</length>
         <used_space>0x0</used_space>
         <unused_space>0x2000</unused_space>
         <attributes>RWIX</attributes>
         <usage_details>
         </usage_details>
      </memory_area>
      <memory_area>
         <name>SARAM26</name>
         <page_id>0x0</page_id>
         <origin>0x44000</origin>
         <length>0x2000</length>
         <used_space>0x0</used_space>
         <unused_space>0x2000</unused_space>
         <attributes>RWIX</attributes>
         <usage_details>
         </usage_details>
      </memory_area>
      <memory_area>
         <name>SARAM27</name>
         <page_id>0x0</page_id>
         <origin>0x46000</origin>
         <length>0x2000</length>
         <used_space>0x0</used_space>
         <unused_space>0x2000</unused_space>
         <attributes>RWIX</attributes>
         <usage_details>
         </usage_details>
      </memory_area>
      <memory_area>
         <name>SARAM28</name>
         <page_id>0x0</page_id>
         <origin>0x48000</origin>
         <length>0x2000</length>
         <used_space>0x0</used_space>
         <unused_space>0x2000</unused_space>
         <attributes>RWIX</attributes>
         <usage_details>
         </usage_details>
      </memory_area>
      <memory_area>
         <name>SARAM29</name>
         <page_id>0x0</page_id>
         <origin>0x4a000</origin>
         <length>0x2000</length>
         <used_space>0x0</used_space>
         <unused_space>0x2000</unused_space>
         <attributes>RWIX</attributes>
         <usage_details>
         </usage_details>
      </memory_area>
      <memory_area>
         <name>SARAM30</name>
         <page_id>0x0</page_id>
         <origin>0x4c000</origin>
         <length>0x2000</length>
         <used_space>0x0</used_space>
         <unused_space>0x2000</unused_space>
         <attributes>RWIX</attributes>
         <usage_details>
         </usage_details>
      </memory_area>
      <memory_area>
         <name>SARAM31</name>
         <page_id>0x0</page_id>
         <origin>0x4e000</origin>
         <length>0x2000</length>
         <used_space>0x0</used_space>
         <unused_space>0x2000</unused_space>
         <attributes>RWIX</attributes>
         <usage_details>
         </usage_details>
      </memory_area>
      <memory_area>
         <name>CS0</name>
         <page_id>0x0</page_id>
         <origin>0x50000</origin>
         <length>0x7b0000</length>
         <used_space>0x0</used_space>
         <unused_space>0x7b0000</unused_space>
         <attributes>RWIX</attributes>
         <usage_details>
         </usage_details>
      </memory_area>
      <memory_area>
         <name>CS2</name>
         <page_id>0x0</page_id>
         <origin>0x800000</origin>
         <length>0x400000</length>
         <used_space>0x0</used_space>
         <unused_space>0x400000</unused_space>
         <attributes>RWIX</attributes>
         <usage_details>
         </usage_details>
      </memory_area>
      <memory_area>
         <name>CS3</name>
         <page_id>0x0</page_id>
         <origin>0xc00000</origin>
         <length>0x200000</length>
         <used_space>0x0</used_space>
         <unused_space>0x200000</unused_space>
         <attributes>RWIX</attributes>
         <usage_details>
         </usage_details>
      </memory_area>
      <memory_area>
         <name>CS4</name>
         <page_id>0x0</page_id>
         <origin>0xe00000</origin>
         <length>0x100000</length>
         <used_space>0x0</used_space>
         <unused_space>0x100000</unused_space>
         <attributes>RWIX</attributes>
         <usage_details>
         </usage_details>
      </memory_area>
      <memory_area>
         <name>CS5</name>
         <page_id>0x0</page_id>
         <origin>0xf00000</origin>
         <length>0xe0000</length>
         <used_space>0x0</used_space>
         <unused_space>0xe0000</unused_space>
         <attributes>RWIX</attributes>
         <usage_details>
         </usage_details>
      </memory_area>
      <memory_area>
         <name>ROM</name>
         <page_id>0x0</page_id>
         <origin>0xfe0000</origin>
         <length>0x1ff00</length>
         <used_space>0x0</used_space>
         <unused_space>0x1ff00</unused_space>
         <attributes>RWIX</attributes>
         <usage_details>
         </usage_details>
      </memory_area>
      <memory_area>
         <name>VECS</name>
         <page_id>0x0</page_id>
         <origin>0xffff00</origin>
         <length>0x100</length>
         <used_space>0x100</used_space>
         <unused_space>0x0</unused_space>
         <attributes>RWIX</attributes>
         <usage_details>
            <allocated_space>
               <start_address>0xffff00</start_address>
               <size>0x100</size>
               <logical_group_ref idref="lg-2"/>
            </allocated_space>
         </usage_details>
      </memory_area>
   </placement_map>
   <symbol_table>
      <symbol id="sm-0">
         <name>$TI_capability$C5500$CallingConvention</name>
         <value>0x2</value>
      </symbol>
      <symbol id="sm-1">
         <name>$TI_capability$C5500$MemoryModel</name>
         <value>0x2</value>
      </symbol>
      <symbol id="sm-2">
         <name>$TI_capability_requires_rev3</name>
         <value>0x1</value>
      </symbol>
      <symbol id="sm-3">
         <name>cinit</name>
         <value>0xc0</value>
      </symbol>
      <symbol id="sm-4">
         <name>___cinit__</name>
         <value>0xc0</value>
      </symbol>
      <symbol id="sm-5">
         <name>pinit</name>
         <value>0xffffffff</value>
      </symbol>
      <symbol id="sm-6">
         <name>___pinit__</name>
         <value>0xffffffff</value>
      </symbol>
      <symbol id="sm-7">
         <name>binit</name>
         <value>0xffffffff</value>
      </symbol>
      <symbol id="sm-8">
         <name>___binit__</name>
         <value>0xffffffff</value>
      </symbol>
      <symbol id="sm-9">
         <name>__STACK_SIZE</name>
         <value>0x200</value>
      </symbol>
      <symbol id="sm-a">
         <name>__STACK_END</name>
         <value>0x4c4</value>
      </symbol>
      <symbol id="sm-b">
         <name>___c_args__</name>
         <value>0xffffffff</value>
      </symbol>
      <symbol id="sm-c">
         <name>__SYSSTACK_SIZE</name>
         <value>0x200</value>
      </symbol>
      <symbol id="sm-d">
         <name>.text</name>
         <value>0x2000</value>
      </symbol>
      <symbol id="sm-e">
         <name>___text__</name>
         <value>0x2000</value>
      </symbol>
      <symbol id="sm-f">
         <name>etext</name>
         <value>0x23a3</value>
      </symbol>
      <symbol id="sm-10">
         <name>___etext__</name>
         <value>0x23a3</value>
      </symbol>
      <symbol id="sm-11">
         <name>.data</name>
         <value>0x8000</value>
      </symbol>
      <symbol id="sm-12">
         <name>___data__</name>
         <value>0x8000</value>
      </symbol>
      <symbol id="sm-13">
         <name>edata</name>
         <value>0x8000</value>
      </symbol>
      <symbol id="sm-14">
         <name>___edata__</name>
         <value>0x8000</value>
      </symbol>
      <symbol id="sm-15">
         <name>.bss</name>
         <value>0xa000</value>
      </symbol>
      <symbol id="sm-16">
         <name>___bss__</name>
         <value>0xa000</value>
      </symbol>
      <symbol id="sm-17">
         <name>end</name>
         <value>0xa458</value>
      </symbol>
      <symbol id="sm-18">
         <name>___end__</name>
         <value>0xa458</value>
      </symbol>
      <symbol id="sm-3a">
         <name>_mpy_ll_int</name>
         <value>0x238e</value>
         <object_component_ref idref="oc-d"/>
      </symbol>
      <symbol id="sm-50">
         <name>_ac3v</name>
         <value>0xa3c8</value>
         <object_component_ref idref="oc-12"/>
      </symbol>
      <symbol id="sm-51">
         <name>_main</name>
         <value>0x2109</value>
         <object_component_ref idref="oc-11"/>
      </symbol>
      <symbol id="sm-52">
         <name>_rtest</name>
         <value>0xa140</value>
         <object_component_ref idref="oc-12"/>
      </symbol>
      <symbol id="sm-53">
         <name>_dlms_test</name>
         <value>0x2000</value>
         <object_component_ref idref="oc-11"/>
      </symbol>
      <symbol id="sm-54">
         <name>_des</name>
         <value>0xa080</value>
         <object_component_ref idref="oc-12"/>
      </symbol>
      <symbol id="sm-55">
         <name>_rn</name>
         <value>0xa348</value>
         <object_component_ref idref="oc-12"/>
      </symbol>
      <symbol id="sm-56">
         <name>_hn</name>
         <value>0xa288</value>
         <object_component_ref idref="oc-12"/>
      </symbol>
      <symbol id="sm-57">
         <name>_htest</name>
         <value>0xa100</value>
         <object_component_ref idref="oc-12"/>
      </symbol>
      <symbol id="sm-58">
         <name>_dbuffer</name>
         <value>0xa1c0</value>
         <object_component_ref idref="oc-12"/>
      </symbol>
      <symbol id="sm-59">
         <name>_x</name>
         <value>0xa000</value>
         <object_component_ref idref="oc-12"/>
      </symbol>
      <symbol id="sm-5a">
         <name>_r</name>
         <value>0xa2c8</value>
         <object_component_ref idref="oc-12"/>
      </symbol>
      <symbol id="sm-5b">
         <name>_h</name>
         <value>0xa248</value>
         <object_component_ref idref="oc-12"/>
      </symbol>
      <symbol id="sm-5c">
         <name>_ndbuffer</name>
         <value>0xa204</value>
         <object_component_ref idref="oc-12"/>
      </symbol>
      <symbol id="sm-68">
         <name>_dlms</name>
         <value>0x2206</value>
         <object_component_ref idref="oc-17"/>
      </symbol>
      <symbol id="sm-74">
         <name>__sysstack</name>
         <value>0x4c4</value>
         <object_component_ref idref="oc-39"/>
      </symbol>
      <symbol id="sm-75">
         <name>_c_int00</name>
         <value>0x2348</value>
         <object_component_ref idref="oc-c"/>
      </symbol>
      <symbol id="sm-76">
         <name>__stack</name>
         <value>0x2c4</value>
         <object_component_ref idref="oc-1b"/>
      </symbol>
      <symbol id="sm-86">
         <name>C$$EXIT</name>
         <value>0x239a</value>
         <object_component_ref idref="oc-23"/>
      </symbol>
      <symbol id="sm-87">
         <name>_exit</name>
         <value>0x230a</value>
         <object_component_ref idref="oc-1f"/>
      </symbol>
      <symbol id="sm-88">
         <name>_abort</name>
         <value>0x2399</value>
         <object_component_ref idref="oc-23"/>
      </symbol>
      <symbol id="sm-89">
         <name>__cleanup_ptr</name>
         <value>0xa450</value>
         <object_component_ref idref="oc-20"/>
      </symbol>
      <symbol id="sm-8a">
         <name>__dtors_ptr</name>
         <value>0xa454</value>
         <object_component_ref idref="oc-20"/>
      </symbol>
      <symbol id="sm-94">
         <name>_Reset</name>
         <value>0xffff00</value>
         <object_component_ref idref="oc-27"/>
      </symbol>
      <symbol id="sm-a2">
         <name>__unlock</name>
         <value>0xa44c</value>
         <object_component_ref idref="oc-2c"/>
      </symbol>
      <symbol id="sm-a3">
         <name>__lock</name>
         <value>0xa448</value>
         <object_component_ref idref="oc-2c"/>
      </symbol>
      <symbol id="sm-a4">
         <name>__register_lock</name>
         <value>0x2384</value>
         <object_component_ref idref="oc-2b"/>
      </symbol>
      <symbol id="sm-a5">
         <name>__nop</name>
         <value>0x238c</value>
         <object_component_ref idref="oc-2b"/>
      </symbol>
      <symbol id="sm-a6">
         <name>__register_unlock</name>
         <value>0x237c</value>
         <object_component_ref idref="oc-2b"/>
      </symbol>
      <symbol id="sm-b0">
         <name>__args_main</name>
         <value>0x22bf</value>
         <object_component_ref idref="oc-31"/>
      </symbol>
      <symbol id="sm-b1">
         <name>__TI_args_main</name>
         <value>0x1</value>
      </symbol>
      <symbol id="sm-b9">
         <name>_auto_init</name>
         <value>0x2272</value>
         <object_component_ref idref="oc-35"/>
      </symbol>
   </symbol_table>
</link_info>
